{"load_low": 0.22083644451974566, "load_high": 1.2255036330470026, "cpu_safe": 38.17888508067131, "cpu_danger": 83.3226722659628}