{"load_low": 0.2816270149544422, "load_high": 1.2294412494196685, "cpu_safe": 35.361707145492744, "cpu_danger": 74.13989710740687}