{"load_low": 0.4176216642421674, "load_high": 1.163985353106166, "cpu_safe": 38.70768252803403, "cpu_danger": 72.78564732185112}