{"load_low": 0.41430966709312067, "load_high": 0.8589351919715491, "cpu_safe": 25.868647223363602, "cpu_danger": 72.17605687331482}